总排放量(tCO2),用电量(MWh),柴油消耗量(吨)
5.844874218750000000e+04,3.152338671875000000e+04,2.548912048339843750e+01
9.140628125000000000e+04,2.650199023437500000e+04,1.452175445556640625e+02
2.527928281250000000e+05,1.381890000000000000e+05,2.062129364013671875e+02
1.725335000000000000e+05,7.812513281250000000e+04,1.709073944091796875e+02
3.327665625000000000e+04,1.252942578125000000e+04,6.581672668457031250e+01
5.587680468750000000e+04,2.935618164062500000e+04,3.317420196533203125e+01
3.723591406250000000e+04,1.647356250000000000e+04,5.524335479736328125e+01
1.453746562500000000e+05,4.837782812500000000e+04,1.217087326049804688e+02
3.216551171875000000e+04,1.230615820312500000e+04,4.844580459594726562e+01
6.179814453125000000e+04,3.410589843750000000e+04,2.749316406250000000e+01
1.532787031250000000e+05,5.120396093750000000e+04,1.356391601562500000e+02
5.960497265625000000e+04,3.230379101562500000e+04,2.611678123474121094e+01
7.638582812500000000e+04,3.163141015625000000e+04,1.270762023925781250e+02
2.227492656250000000e+05,9.832860156250000000e+04,1.852868652343750000e+02
1.488055312500000000e+05,5.048799609375000000e+04,1.123791732788085938e+02
2.304623125000000000e+05,1.417723906250000000e+05,1.888336334228515625e+02
3.548442500000000000e+05,4.799410937500000000e+04,2.826126098632812500e+02
1.889873750000000000e+05,1.127783203125000000e+05,1.624931030273437500e+02
4.989916406250000000e+04,2.510761328125000000e+04,4.119655990600585938e+01
3.991817578125000000e+04,1.672569140625000000e+04,6.355762481689453125e+01
1.392465312500000000e+05,4.665745312500000000e+04,1.563389739990234375e+02
1.716474218750000000e+05,8.048375781250000000e+04,1.691284484863281250e+02
1.733945468750000000e+05,7.449950781250000000e+04,7.733217773437500000e+02
7.458374218750000000e+04,3.093408789062500000e+04,1.418419189453125000e+02
3.760847656250000000e+04,1.556488281250000000e+04,5.491236877441406250e+01
6.308677734375000000e+04,2.749109960937500000e+04,1.611206359863281250e+02
1.923332968750000000e+05,9.230973437500000000e+04,1.882176666259765625e+02
1.688011875000000000e+05,8.766074218750000000e+04,3.244882812500000000e+02
5.524287500000000000e+04,1.739194140625000000e+04,1.084383239746093750e+02
1.937983593750000000e+05,1.099274453125000000e+05,3.204918212890625000e+02
1.412303125000000000e+05,4.856625000000000000e+04,1.691307220458984375e+02
3.126103320312500000e+04,1.243907617187500000e+04,4.966048049926757812e+01
3.557265234375000000e+04,1.272340136718750000e+04,4.160976791381835938e+01
7.036434375000000000e+04,3.075379687500000000e+04,8.464722442626953125e+01
3.111293750000000000e+05,3.711349218750000000e+04,2.034008789062500000e+02
6.262985937500000000e+04,3.492384375000000000e+04,2.446702003479003906e+01
1.511556718750000000e+05,5.072767578125000000e+04,1.049102859497070312e+02
1.429891562500000000e+05,4.691007812500000000e+04,1.302558135986328125e+02
1.049289765625000000e+05,5.635632031250000000e+04,3.479900741577148438e+01
5.768944140625000000e+04,3.175479296875000000e+04,2.957097053527832031e+01
4.646752734375000000e+04,1.902869531250000000e+04,1.771480255126953125e+02
9.955914843750000000e+04,3.794341406250000000e+04,1.401408081054687500e+02
1.984948593750000000e+05,8.601187500000000000e+04,6.396644287109375000e+02
1.763861718750000000e+05,1.041771640625000000e+05,1.569883728027343750e+02
1.318857187500000000e+05,6.873426562500000000e+04,1.310267028808593750e+02
2.194276406250000000e+05,9.709029687500000000e+04,1.960363311767578125e+02
1.494529218750000000e+05,4.928066406250000000e+04,1.064508895874023438e+02
2.210771562500000000e+05,9.299674218750000000e+04,3.584548950195312500e+02
1.730775000000000000e+05,8.028145312500000000e+04,1.700609130859375000e+02
3.052077734375000000e+04,1.223173632812500000e+04,4.610828781127929688e+01
1.430156093750000000e+05,5.008615234375000000e+04,1.306445465087890625e+02
5.654199609375000000e+04,3.001361328125000000e+04,2.901560592651367188e+01
1.089936796875000000e+05,5.824202734375000000e+04,1.578509674072265625e+02
3.291108203125000000e+04,1.280969238281250000e+04,5.683498382568359375e+01
4.356119140625000000e+04,1.907411914062500000e+04,6.711705780029296875e+01
5.451658593750000000e+04,2.820821875000000000e+04,3.496357727050781250e+01
5.192131250000000000e+04,2.631791992187500000e+04,3.501784896850585938e+01
5.887706640625000000e+04,1.491055761718750000e+04,1.627518157958984375e+02
4.206569921875000000e+04,1.725188085937500000e+04,1.973714141845703125e+02
3.748279296875000000e+04,1.689048242187500000e+04,4.958932876586914062e+01
5.089781640625000000e+04,1.622964453125000000e+04,1.706695251464843750e+02
3.187604101562500000e+04,1.240374902343750000e+04,6.477828979492187500e+01
5.948282421875000000e+04,2.491625585937500000e+04,1.543833160400390625e+02
6.275015234375000000e+04,3.266710742187500000e+04,3.893964004516601562e+01
8.653078125000000000e+04,4.282757812500000000e+04,1.305356292724609375e+02
9.125821093750000000e+04,5.289022656250000000e+04,1.363690185546875000e+02
3.591818437500000000e+05,4.795133203125000000e+04,2.853848876953125000e+02
1.594240312500000000e+05,1.074483593750000000e+05,2.255065460205078125e+02
3.433477343750000000e+04,1.330117382812500000e+04,4.284532165527343750e+01
1.548951250000000000e+05,6.432518359375000000e+04,1.645340881347656250e+02
2.619855625000000000e+05,1.375065625000000000e+05,2.167274475097656250e+02
2.153723906250000000e+05,1.443642968750000000e+05,2.461655578613281250e+02
3.772277734375000000e+04,1.584247753906250000e+04,5.669258117675781250e+01
3.298590234375000000e+04,1.350075976562500000e+04,4.561599731445312500e+01
1.469939218750000000e+05,5.265805468750000000e+04,1.113013839721679688e+02
1.737588906250000000e+05,7.618241406250000000e+04,1.605449676513671875e+02
1.426792656250000000e+05,4.750462109375000000e+04,1.622226409912109375e+02
1.586589843750000000e+05,6.319757812500000000e+04,8.565511322021484375e+01
1.488000000000000000e+05,5.092083203125000000e+04,1.034432601928710938e+02
1.716474218750000000e+05,8.048375781250000000e+04,1.691284484863281250e+02
1.457318125000000000e+05,5.338004296875000000e+04,1.045204238891601562e+02
9.411010937500000000e+04,1.989504687500000000e+04,1.399540405273437500e+02
5.707276171875000000e+04,3.039334765625000000e+04,2.735769653320312500e+01
5.559163671875000000e+04,2.894205664062500000e+04,3.330520629882812500e+01
1.340422500000000000e+05,7.764522656250000000e+04,1.525773773193359375e+02
1.412127968750000000e+05,4.590141406250000000e+04,1.495569458007812500e+02
1.736876562500000000e+05,7.832880468750000000e+04,1.643764495849609375e+02
1.625462500000000000e+05,6.970538281250000000e+04,1.719240570068359375e+02
1.449537968750000000e+05,4.956937500000000000e+04,1.696452636718750000e+02
1.462122343750000000e+05,6.444633203125000000e+04,6.004011535644531250e+01
2.338254062500000000e+05,1.118432656250000000e+05,1.806112670898437500e+02
3.949280000000000000e+05,5.409279296875000000e+04,3.836799316406250000e+02
1.449218593750000000e+05,4.872045312500000000e+04,1.153777847290039062e+02
1.321469531250000000e+05,6.111038281250000000e+04,4.703402709960937500e+01
9.235375781250000000e+04,4.267944531250000000e+04,1.125673599243164062e+02
1.407834375000000000e+05,4.607650000000000000e+04,1.437368774414062500e+02
1.683337031250000000e+05,7.786509375000000000e+04,1.690949554443359375e+02
1.249546250000000000e+05,8.479425000000000000e+04,1.488862609863281250e+02
3.022733398437500000e+04,1.200333984375000000e+04,4.749584197998046875e+01
6.249901171875000000e+04,3.459282031250000000e+04,2.689153861999511719e+01
1.657117343750000000e+05,6.921663281250000000e+04,1.730741729736328125e+02
1.701209062500000000e+05,6.137420312500000000e+04,1.212998275756835938e+02
1.716474218750000000e+05,8.048375781250000000e+04,1.691284484863281250e+02
1.638765937500000000e+05,6.850874218750000000e+04,1.729701232910156250e+02
1.433941875000000000e+05,4.801979296875000000e+04,1.198577041625976562e+02
1.337278906250000000e+05,6.145057812500000000e+04,5.181829833984375000e+01
8.356580468750000000e+04,1.192307031250000000e+04,2.125621337890625000e+02
2.680178750000000000e+05,1.226640390625000000e+05,2.402536621093750000e+02
1.560991250000000000e+05,7.847288281250000000e+04,1.545434417724609375e+02
1.365992187500000000e+05,6.181252734375000000e+04,5.129299545288085938e+01
3.644952500000000000e+05,5.002781640625000000e+04,3.228150024414062500e+02
2.502025000000000000e+05,1.215010546875000000e+05,1.950334930419921875e+02
1.736816875000000000e+05,8.059705468750000000e+04,1.707514038085937500e+02
3.124609960937500000e+04,1.220274609375000000e+04,4.706813049316406250e+01
3.029850000000000000e+05,9.758907812500000000e+04,3.099986267089843750e+02
1.541281406250000000e+05,5.633692187500000000e+04,8.227685546875000000e+01
5.309637890625000000e+04,2.736431054687500000e+04,3.611074829101562500e+01
2.058639843750000000e+05,8.568953125000000000e+04,1.583932495117187500e+02
2.229630781250000000e+05,1.154601796875000000e+05,1.934633331298828125e+02
3.342091875000000000e+05,4.453006250000000000e+04,2.587289123535156250e+02
3.985925000000000000e+04,1.791236718750000000e+04,5.233803939819335938e+01
1.379404062500000000e+05,5.306134765625000000e+04,1.519913940429687500e+02
1.366300937500000000e+05,6.157095312500000000e+04,7.747028198242187500e+02
1.654007031250000000e+05,7.357616406250000000e+04,1.703117675781250000e+02
1.569607656250000000e+05,3.882905468750000000e+04,1.695794525146484375e+02
1.619449687500000000e+05,1.015955390625000000e+05,2.408069305419921875e+02
1.411166718750000000e+05,4.845637109375000000e+04,1.678998413085937500e+02
2.553408125000000000e+05,1.122669843750000000e+05,2.229412231445312500e+02
1.647470625000000000e+05,6.851227343750000000e+04,1.131402206420898438e+02
3.659835156250000000e+04,1.541331835937500000e+04,5.368944931030273438e+01
1.485350156250000000e+05,4.577389453125000000e+04,1.700874328613281250e+02
1.485517187500000000e+05,5.247346875000000000e+04,1.765999450683593750e+02
4.891660156250000000e+04,2.242441210937500000e+04,1.115763702392578125e+02
1.550620000000000000e+05,5.633380468750000000e+04,1.800653076171875000e+02
5.426769921875000000e+04,1.207273242187500000e+04,2.003216705322265625e+02
6.159538671875000000e+04,3.402149609375000000e+04,2.651262092590332031e+01
5.211051562500000000e+04,1.222339843750000000e+04,1.551768646240234375e+02
1.419576093750000000e+05,4.768200390625000000e+04,1.587076110839843750e+02
1.716474218750000000e+05,8.048375781250000000e+04,1.691284484863281250e+02
2.225354531250000000e+05,1.564629375000000000e+05,1.682043762207031250e+02
3.809640625000000000e+05,4.305104687500000000e+04,2.862328186035156250e+02
3.091465312500000000e+05,8.302935156250000000e+04,2.949265136718750000e+02
4.452394921875000000e+04,1.214805175781250000e+04,1.248231048583984375e+02
6.091080859375000000e+04,3.359047656250000000e+04,2.362770843505859375e+01
1.742391250000000000e+05,7.198782031250000000e+04,1.731888427734375000e+02
1.716474218750000000e+05,8.048375781250000000e+04,1.691284484863281250e+02
3.405853906250000000e+04,1.190086035156250000e+04,3.772384262084960938e+01
5.583317578125000000e+04,2.900447656250000000e+04,2.410282135009765625e+01
4.421146875000000000e+04,1.798277148437500000e+04,1.830171966552734375e+02
6.407476562500000000e+04,2.783215039062500000e+04,1.365499877929687500e+02
1.433148906250000000e+05,5.350312890625000000e+04,1.166985855102539062e+02
2.378914218750000000e+05,1.131933828125000000e+05,2.037574310302734375e+02
3.963209687500000000e+05,5.412942968750000000e+04,4.561848144531250000e+02
4.505489453125000000e+04,1.189326855468750000e+04,8.812244415283203125e+01
2.081740781250000000e+05,8.350821093750000000e+04,1.839236450195312500e+02
6.002733984375000000e+04,3.331781250000000000e+04,2.389445114135742188e+01
6.123581640625000000e+04,3.389089062500000000e+04,2.602142143249511719e+01
1.716474218750000000e+05,8.048375781250000000e+04,1.691284484863281250e+02
2.253637968750000000e+05,1.638081562500000000e+05,1.649893646240234375e+02
1.522665468750000000e+05,5.577692187500000000e+04,8.997080230712890625e+01
1.568832500000000000e+05,5.686961328125000000e+04,8.232849121093750000e+01
2.172662031250000000e+05,9.630018750000000000e+04,1.997207641601562500e+02
5.607319921875000000e+04,2.965109179687500000e+04,2.491576194763183594e+01
4.217934765625000000e+04,1.858606445312500000e+04,6.282120513916015625e+01
2.105044843750000000e+05,9.937540625000000000e+04,1.830302734375000000e+02
1.366263125000000000e+05,9.219623437500000000e+04,1.914076690673828125e+02
1.384907187500000000e+05,9.684514062500000000e+04,2.037030487060546875e+02
1.676940468750000000e+05,5.895769921875000000e+04,1.244447326660156250e+02
1.445986718750000000e+05,6.454899609375000000e+04,5.736521148681640625e+01
1.498492500000000000e+05,5.079264062500000000e+04,9.856384277343750000e+01
1.505706718750000000e+05,9.455164062500000000e+04,3.839825439453125000e+02
2.021821875000000000e+05,1.639014375000000000e+05,1.625695953369140625e+02
6.362689453125000000e+04,3.770425390625000000e+04,2.225253295898437500e+01
9.266651562500000000e+04,4.538623828125000000e+04,1.097174224853515625e+02
2.002324375000000000e+05,7.933046875000000000e+04,1.966461029052734375e+02
1.383794218750000000e+05,8.452176562500000000e+04,1.848130340576171875e+02
3.191415429687500000e+04,1.248956445312500000e+04,5.664094161987304688e+01
1.709968125000000000e+05,7.772575781250000000e+04,1.569688720703125000e+02
3.959061875000000000e+05,5.585570703125000000e+04,4.279896545410156250e+02
1.716474218750000000e+05,8.048375781250000000e+04,1.691284484863281250e+02
1.594857812500000000e+05,6.320499218750000000e+04,8.816992950439453125e+01
1.696753281250000000e+05,5.883732421875000000e+04,1.748456573486328125e+02
3.291491875000000000e+05,6.577029687500000000e+04,2.530624237060546875e+02
1.367409062500000000e+05,8.998897656250000000e+04,2.140213012695312500e+02
1.116971250000000000e+05,6.855070312500000000e+04,1.143952331542968750e+02
2.195557500000000000e+05,1.618410625000000000e+05,1.719956512451171875e+02
9.564512500000000000e+04,5.143075390625000000e+04,3.210940551757812500e+01
1.417779375000000000e+05,6.711352343750000000e+04,1.536666564941406250e+02
1.747725000000000000e+05,7.679186718750000000e+04,1.602783508300781250e+02
1.943997812500000000e+05,7.964810937500000000e+04,1.818980865478515625e+02
1.436272656250000000e+05,5.164741796875000000e+04,1.020246505737304688e+02
1.441725000000000000e+05,6.451139453125000000e+04,5.749663543701171875e+01
1.855711250000000000e+05,6.998828125000000000e+04,1.812217864990234375e+02
4.765908984375000000e+04,2.001542187500000000e+04,1.723678283691406250e+02
6.232140234375000000e+04,2.690397656250000000e+04,1.590340423583984375e+02
1.324214687500000000e+05,6.908203906250000000e+04,1.959576110839843750e+02
2.220923281250000000e+05,1.447891093750000000e+05,1.834949798583984375e+02
1.662141093750000000e+05,5.700455078125000000e+04,1.344285736083984375e+02
5.898508593750000000e+04,3.123370507812500000e+04,2.754620742797851562e+01
5.353457031250000000e+04,2.750654687500000000e+04,3.502709197998046875e+01
1.430939218750000000e+05,4.681091015625000000e+04,1.321616058349609375e+02
4.914727734375000000e+04,2.398791601562500000e+04,4.255282974243164062e+01
4.825553125000000000e+04,2.388252148437500000e+04,4.808760833740234375e+01
1.146156406250000000e+05,4.442948437500000000e+04,1.354055938720703125e+02
3.469216796875000000e+04,1.238424414062500000e+04,5.192773056030273438e+01
4.869629687500000000e+04,2.364521093750000000e+04,4.842612075805664062e+01
1.598286718750000000e+05,7.111832812500000000e+04,7.738724975585937500e+02
5.055410156250000000e+04,1.285815234375000000e+04,1.935925445556640625e+02
4.334172656250000000e+04,1.792101367187500000e+04,1.905060729980468750e+02
1.715435000000000000e+05,8.024670312500000000e+04,1.679192504882812500e+02
6.449564453125000000e+04,3.631187109375000000e+04,2.339938354492187500e+01
3.443666406250000000e+04,1.374280175781250000e+04,5.400249481201171875e+01
1.401254843750000000e+05,5.734184375000000000e+04,6.778421020507812500e+01
3.343842968750000000e+04,1.345474121093750000e+04,5.091964721679687500e+01
6.080169921875000000e+04,3.374717187500000000e+04,2.578375434875488281e+01
2.486340312500000000e+05,1.126194609375000000e+05,2.418565063476562500e+02
6.023424609375000000e+04,3.273041210937500000e+04,2.555442047119140625e+01
1.573998281250000000e+05,5.246661328125000000e+04,1.543236846923828125e+02
1.805262031250000000e+05,7.888746093750000000e+04,1.626339569091796875e+02
1.786034531250000000e+05,8.146107031250000000e+04,1.672589263916015625e+02
1.928950312500000000e+05,1.692531875000000000e+05,1.461884918212890625e+02
5.098332031250000000e+04,2.194683398437500000e+04,1.715133361816406250e+02
3.112039062500000000e+04,1.235653027343750000e+04,5.562212753295898438e+01
5.267432812500000000e+04,2.676427148437500000e+04,3.625148391723632812e+01
1.904979687500000000e+05,8.862085156250000000e+04,1.802713470458984375e+02
1.751728125000000000e+05,7.602223437500000000e+04,1.411127471923828125e+02
1.418736875000000000e+05,4.640849218750000000e+04,1.436515960693359375e+02
1.811653750000000000e+05,7.778500781250000000e+04,5.223642578125000000e+02
2.496269218750000000e+05,5.747422656250000000e+04,2.230688629150390625e+02
2.655304687500000000e+05,1.254774296875000000e+05,2.616819152832031250e+02
1.077515937500000000e+05,7.103115625000000000e+04,1.274116668701171875e+02
3.323805859375000000e+04,1.204847265625000000e+04,3.400505065917968750e+01
1.453131093750000000e+05,4.574648828125000000e+04,1.189655685424804688e+02
1.486062812500000000e+05,5.767513671875000000e+04,9.940700531005859375e+01
2.122125625000000000e+05,9.254067187500000000e+04,5.085702514648437500e+02
6.077433593750000000e+04,3.342908593750000000e+04,2.657832717895507812e+01
1.347652968750000000e+05,9.218744531250000000e+04,2.334355010986328125e+02
4.796651562500000000e+04,1.844409179687500000e+04,1.745396270751953125e+02
2.106559062500000000e+05,1.066287578125000000e+05,1.757900695800781250e+02
5.436622656250000000e+04,1.219811425781250000e+04,1.780909729003906250e+02
5.468352734375000000e+04,2.906032421875000000e+04,3.175843048095703125e+01
4.228229296875000000e+04,1.642779687500000000e+04,1.974018707275390625e+02
3.568345625000000000e+05,8.493256250000000000e+04,4.354262695312500000e+02
3.582223437500000000e+04,1.517354492187500000e+04,4.975600051879882812e+01
3.616260937500000000e+04,1.479022656250000000e+04,5.772449493408203125e+01
2.284340937500000000e+05,1.042172109375000000e+05,2.079847564697265625e+02
6.835772656250000000e+04,3.883327734375000000e+04,2.489999198913574219e+01
3.974398125000000000e+05,6.226544140625000000e+04,5.886293945312500000e+02
6.026613671875000000e+04,3.283903125000000000e+04,2.614887428283691406e+01
6.410269921875000000e+04,2.697571093750000000e+04,1.513360137939453125e+02
4.281267187500000000e+04,1.986294921875000000e+04,5.845137786865234375e+01
1.175999765625000000e+05,6.071825390625000000e+04,3.982906723022460938e+01
3.497490625000000000e+04,1.366566015625000000e+04,5.069416427612304688e+01
9.135739062500000000e+04,5.756825390625000000e+04,7.746137084960937500e+02
1.617464687500000000e+05,6.726128125000000000e+04,1.749299468994140625e+02
8.647427343750000000e+04,3.137973828125000000e+04,1.457317962646484375e+02
3.912378906250000000e+04,1.734033203125000000e+04,5.216909790039062500e+01
1.577719375000000000e+05,9.919757812500000000e+04,2.215465087890625000e+02
4.011601953125000000e+04,1.854431445312500000e+04,5.220301818847656250e+01
2.347029687500000000e+05,1.592289375000000000e+05,1.797889709472656250e+02
1.315386562500000000e+05,6.201410937500000000e+04,5.018049621582031250e+01
1.716474218750000000e+05,8.048375781250000000e+04,1.691284484863281250e+02
1.672031562500000000e+05,7.304278906250000000e+04,1.388500518798828125e+02
1.145360937500000000e+05,7.087889843750000000e+04,1.412481384277343750e+02
3.778096093750000000e+04,1.718058789062500000e+04,4.729785156250000000e+01
6.299298828125000000e+04,3.560245312500000000e+04,2.564493942260742188e+01
4.499319140625000000e+04,2.084880468750000000e+04,6.196377182006835938e+01
1.693251875000000000e+05,7.579311718750000000e+04,1.710159606933593750e+02
4.709911718750000000e+04,2.295476953125000000e+04,6.098917770385742188e+01
2.716500937500000000e+05,5.252944921875000000e+04,2.262414245605468750e+02
1.106738828125000000e+05,5.533457031250000000e+04,1.224523239135742188e+02
2.359273750000000000e+05,1.459853906250000000e+05,1.810864562988281250e+02
7.111663281250000000e+04,4.038437890625000000e+04,2.589550781250000000e+01
1.574068750000000000e+05,6.327266015625000000e+04,8.137060546875000000e+01
6.424235937500000000e+04,3.454573828125000000e+04,7.550441741943359375e+01
1.716474218750000000e+05,8.048375781250000000e+04,1.691284484863281250e+02
2.107085468750000000e+05,1.617470937500000000e+05,1.639525756835937500e+02
4.170447265625000000e+04,1.956270898437500000e+04,4.879541778564453125e+01
1.345639218750000000e+05,5.469025390625000000e+04,1.360869293212890625e+02
1.681637812500000000e+05,7.733446875000000000e+04,1.696294860839843750e+02
1.972561718750000000e+05,8.247179687500000000e+04,1.893607482910156250e+02
1.445315312500000000e+05,4.849751953125000000e+04,1.287124633789062500e+02
7.670110937500000000e+04,3.158037890625000000e+04,1.398566894531250000e+02
4.044512500000000000e+04,1.375144140625000000e+04,4.616584014892578125e+01
5.295548828125000000e+04,1.727348242187500000e+04,1.580047302246093750e+02
3.116928125000000000e+04,1.218028125000000000e+04,4.465295410156250000e+01
2.230902656250000000e+05,1.561638906250000000e+05,2.026682739257812500e+02
5.423179296875000000e+04,2.392045312500000000e+04,1.656774139404296875e+02
6.052123046875000000e+04,3.307053906250000000e+04,2.480157661437988281e+01
1.418124218750000000e+05,4.656312500000000000e+04,1.580823974609375000e+02
3.893502500000000000e+05,5.243515234375000000e+04,3.869938354492187500e+02
7.173021093750000000e+04,2.938192187500000000e+04,1.420614776611328125e+02
1.445181718750000000e+05,4.989140625000000000e+04,1.650045623779296875e+02
1.431459218750000000e+05,4.744295703125000000e+04,1.565451965332031250e+02
2.612986250000000000e+05,9.936640625000000000e+04,2.280526428222656250e+02
2.583277968750000000e+05,1.029822031250000000e+05,2.267962341308593750e+02
2.869937890625000000e+04,1.189588964843750000e+04,5.385147857666015625e+01
3.787479296875000000e+04,1.674248046875000000e+04,4.904217147827148438e+01
3.975709687500000000e+05,5.825235937500000000e+04,5.310009155273437500e+02
8.763875781250000000e+04,4.937008984375000000e+04,2.879965782165527344e+01
5.631688671875000000e+04,2.935839257812500000e+04,2.625441741943359375e+01
3.327345312500000000e+04,1.254738671875000000e+04,4.139799499511718750e+01
5.256703515625000000e+04,1.905999023437500000e+04,1.589016113281250000e+02
1.164570078125000000e+05,6.979085937500000000e+04,1.279916229248046875e+02
3.880306250000000000e+05,7.412318750000000000e+04,4.555234375000000000e+02
1.428348750000000000e+05,9.539070312500000000e+04,2.092102661132812500e+02
5.690037109375000000e+04,2.989599804687500000e+04,2.590605926513671875e+01
1.716474218750000000e+05,8.048375781250000000e+04,1.691284484863281250e+02
1.277887343750000000e+05,5.934869921875000000e+04,4.588705444335937500e+01
4.100248046875000000e+04,1.329004003906250000e+04,2.261901702880859375e+02
3.669131250000000000e+04,1.536879687500000000e+04,5.465504074096679688e+01
5.468743750000000000e+04,2.856769921875000000e+04,3.529277801513671875e+01
4.337182812500000000e+04,2.036622656250000000e+04,5.517530059814453125e+01
1.267596875000000000e+05,8.533185156250000000e+04,1.783115081787109375e+02
2.321060000000000000e+05,1.543794062500000000e+05,1.969273376464843750e+02
1.878782343750000000e+05,7.748433593750000000e+04,1.790761566162109375e+02
1.871054375000000000e+05,8.395106250000000000e+04,1.683524932861328125e+02
1.584052968750000000e+05,5.673997265625000000e+04,1.690510864257812500e+02
2.298935468750000000e+05,1.574026718750000000e+05,2.068004760742187500e+02
6.198395703125000000e+04,1.261706054687500000e+04,1.120210800170898438e+02
1.716474218750000000e+05,8.048375781250000000e+04,1.691284484863281250e+02
3.493818750000000000e+05,6.122010937500000000e+04,3.468939514160156250e+02
2.504247500000000000e+05,1.488432812500000000e+05,1.998217620849609375e+02
2.764924687500000000e+05,1.048487500000000000e+05,2.356620788574218750e+02
7.853786718750000000e+04,1.279568750000000000e+04,1.620329284667968750e+02
3.924554296875000000e+04,1.587222558593750000e+04,1.499066772460937500e+02
1.716474218750000000e+05,8.048375781250000000e+04,1.691284484863281250e+02
2.042177187500000000e+05,7.960831250000000000e+04,1.749930419921875000e+02
1.578324218750000000e+05,9.820910937500000000e+04,2.510570526123046875e+02
2.043638281250000000e+05,8.079868750000000000e+04,2.540449981689453125e+02
4.944609375000000000e+04,1.191075000000000000e+04,1.019425964355468750e+02
1.431502968750000000e+05,4.616816796875000000e+04,1.343074798583984375e+02
1.486595781250000000e+05,5.375840625000000000e+04,1.656413269042968750e+02
1.477256875000000000e+05,4.918309765625000000e+04,1.195503540039062500e+02
4.727570703125000000e+04,2.317401171875000000e+04,5.120800018310546875e+01
5.782637500000000000e+04,3.178530273437500000e+04,2.384366035461425781e+01
5.507359375000000000e+04,2.784218554687500000e+04,5.553096771240234375e+01
5.196614453125000000e+04,2.622336523437500000e+04,4.234008789062500000e+01
3.700068437500000000e+05,4.381388671875000000e+04,2.732222290039062500e+02
7.648335937500000000e+04,4.470546093750000000e+04,1.314146270751953125e+02
1.342742031250000000e+05,6.294326562500000000e+04,4.609683227539062500e+01
6.080088671875000000e+04,3.363975000000000000e+04,2.478689002990722656e+01
1.490488281250000000e+05,5.248753515625000000e+04,1.773077087402343750e+02
5.579517187500000000e+04,2.967012890625000000e+04,3.122710418701171875e+01
5.841224609375000000e+04,3.145911523437500000e+04,2.777779006958007812e+01
3.077316210937500000e+04,1.213264062500000000e+04,5.402631759643554688e+01
3.382682421875000000e+04,1.323591308593750000e+04,5.261046600341796875e+01
1.527386406250000000e+05,5.541314843750000000e+04,1.798131103515625000e+02
1.570206562500000000e+05,7.742081250000000000e+04,6.599971923828125000e+02
3.927096484375000000e+04,1.728473828125000000e+04,5.595261764526367188e+01
1.062607656250000000e+05,3.941308984375000000e+04,1.243854751586914062e+02
3.095752187500000000e+05,6.282488281250000000e+04,2.829627990722656250e+02
8.213937500000000000e+04,4.288745703125000000e+04,1.293811340332031250e+02
4.836306640625000000e+04,1.208588867187500000e+04,1.752312011718750000e+02
7.627016406250000000e+04,3.024230078125000000e+04,1.497314147949218750e+02
3.260280468750000000e+04,1.304116210937500000e+04,4.490172958374023438e+01
1.341762812500000000e+05,6.925407031250000000e+04,1.329077911376953125e+02
1.561923437500000000e+05,5.244755468750000000e+04,9.284249877929687500e+01
7.919206250000000000e+04,3.580594140625000000e+04,1.202905807495117188e+02
3.046999804687500000e+04,1.198614550781250000e+04,4.343590545654296875e+01
1.733971875000000000e+05,7.889332812500000000e+04,7.733339843750000000e+02
1.467555156250000000e+05,4.581040625000000000e+04,1.194967346191406250e+02
1.716513437500000000e+05,7.859459375000000000e+04,1.605125427246093750e+02
1.272786328125000000e+05,6.383865625000000000e+04,4.255139541625976562e+01
1.649624531250000000e+05,8.398934375000000000e+04,5.570348510742187500e+02
1.519426250000000000e+05,4.983205859375000000e+04,1.052019348144531250e+02
2.046446875000000000e+05,8.960283593750000000e+04,1.843468627929687500e+02
1.514637500000000000e+05,6.407800390625000000e+04,6.683169555664062500e+01
9.534532031250000000e+04,5.556110937500000000e+04,1.314777221679687500e+02
4.604061328125000000e+04,2.247211132812500000e+04,5.328697967529296875e+01
2.209026562500000000e+05,1.573156250000000000e+05,1.773242950439453125e+02
1.403303750000000000e+05,8.355194531250000000e+04,1.663560943603515625e+02
6.071611328125000000e+04,1.354293066406250000e+04,1.635200805664062500e+02
7.017776562500000000e+04,4.003071875000000000e+04,2.749700355529785156e+01
1.619255000000000000e+05,6.367910156250000000e+04,1.773706359863281250e+02
2.921257226562500000e+04,1.187891699218750000e+04,3.417050552368164062e+01
7.285606250000000000e+04,3.635858203125000000e+04,1.427903137207031250e+02
5.818545703125000000e+04,3.103334375000000000e+04,2.801681137084960938e+01
2.149658750000000000e+05,1.564132500000000000e+05,1.683548431396484375e+02
2.562060156250000000e+05,1.474552968750000000e+05,2.008525695800781250e+02
5.793644921875000000e+04,3.056677343750000000e+04,2.588404464721679688e+01
2.430080781250000000e+05,1.010646171875000000e+05,2.420041961669921875e+02
1.012396093750000000e+05,4.880867578125000000e+04,4.305414581298828125e+01
1.716474218750000000e+05,8.048375781250000000e+04,1.691284484863281250e+02
4.820810937500000000e+04,2.075413281250000000e+04,1.654964599609375000e+02
2.457460156250000000e+05,1.402851406250000000e+05,1.946427764892578125e+02
5.769747265625000000e+04,2.464738867187500000e+04,1.674637298583984375e+02
1.922027500000000000e+05,7.364664843750000000e+04,1.932105407714843750e+02
2.409843281250000000e+05,1.411749531250000000e+05,1.908586120605468750e+02
4.548863281250000000e+04,1.739117773437500000e+04,1.980863952636718750e+02
1.335299687500000000e+05,6.272980859375000000e+04,4.778178405761718750e+01
2.554090156250000000e+05,1.304453125000000000e+05,1.968085479736328125e+02
8.863707812500000000e+04,4.850787890625000000e+04,3.325166702270507812e+01
1.035164843750000000e+05,5.619525781250000000e+04,3.384321594238281250e+01
1.053817578125000000e+05,2.172628906250000000e+04,3.963015136718750000e+02
5.808648828125000000e+04,3.032200976562500000e+04,3.093976211547851562e+01
2.771767812500000000e+05,6.584335156250000000e+04,2.659783935546875000e+02
2.217150156250000000e+05,1.524794375000000000e+05,1.821337890625000000e+02
1.701656875000000000e+05,7.753467187500000000e+04,1.553523406982421875e+02
1.652930000000000000e+05,6.916358593750000000e+04,1.158644790649414062e+02
1.685293437500000000e+05,7.439662500000000000e+04,1.409530487060546875e+02
1.649983281250000000e+05,8.074900000000000000e+04,5.612914428710937500e+02
1.551646562500000000e+05,5.657360546875000000e+04,1.792352600097656250e+02
5.965518750000000000e+04,3.192042578125000000e+04,2.410935783386230469e+01
1.417408906250000000e+05,4.616830078125000000e+04,1.233193969726562500e+02
1.717117656250000000e+05,7.959510156250000000e+04,1.650090637207031250e+02
2.724029375000000000e+05,1.326024375000000000e+05,2.179267578125000000e+02
1.194591015625000000e+05,6.012898437500000000e+04,4.080892944335937500e+01
1.502690000000000000e+05,5.329046875000000000e+04,1.783473358154296875e+02
1.078817656250000000e+05,4.412141015625000000e+04,8.624002075195312500e+01
1.432445312500000000e+05,9.889899218750000000e+04,2.357291259765625000e+02
1.433675312500000000e+05,4.670125781250000000e+04,1.300739898681640625e+02
4.541117578125000000e+04,2.210005859375000000e+04,5.366160583496093750e+01
3.712202343750000000e+04,1.569441992187500000e+04,5.926206970214843750e+01
5.288604296875000000e+04,2.777667578125000000e+04,3.539965057373046875e+01
5.087612500000000000e+04,2.272002343750000000e+04,1.673093261718750000e+02
1.674048437500000000e+05,6.248208593750000000e+04,1.235944061279296875e+02
4.498860156250000000e+04,1.961539453125000000e+04,1.846601715087890625e+02
1.480617812500000000e+05,8.701738281250000000e+04,1.674895172119140625e+02
1.389755000000000000e+05,4.537654296875000000e+04,1.472534484863281250e+02
3.902485156250000000e+04,1.233404199218750000e+04,7.851354980468750000e+01
1.724588125000000000e+05,8.059182812500000000e+04,1.696930389404296875e+02
9.989154687500000000e+04,4.129031640625000000e+04,1.393159637451171875e+02
1.769013281250000000e+05,8.164952343750000000e+04,1.715301208496093750e+02
1.131887421875000000e+05,6.044901171875000000e+04,3.521720504760742188e+01
5.971871484375000000e+04,3.327935546875000000e+04,2.343733596801757812e+01
5.795949218750000000e+04,3.075784570312500000e+04,2.855825424194335938e+01
1.526461718750000000e+05,5.678008593750000000e+04,1.784030303955078125e+02
1.251813671875000000e+05,6.904343750000000000e+04,1.350261383056640625e+02
1.462606250000000000e+05,4.955982421875000000e+04,1.382853698730468750e+02
5.283638281250000000e+04,2.767379101562500000e+04,3.513729858398437500e+01
7.015381250000000000e+04,3.961292578125000000e+04,2.548220062255859375e+01
1.683762500000000000e+05,7.409767187500000000e+04,1.387949218750000000e+02
1.480397656250000000e+05,6.440787109375000000e+04,6.181461334228515625e+01
2.908672070312500000e+04,1.187520117187500000e+04,3.232927322387695312e+01
9.418221093750000000e+04,5.132506250000000000e+04,3.150151062011718750e+01
2.515427812500000000e+05,1.202612031250000000e+05,2.496653747558593750e+02
1.403256875000000000e+05,4.573331640625000000e+04,1.452145385742187500e+02
5.558098046875000000e+04,1.417007324218750000e+04,1.738474273681640625e+02
3.897886562500000000e+05,5.972782812500000000e+04,4.533786315917968750e+02
5.580969921875000000e+04,2.982466210937500000e+04,2.853557014465332031e+01
7.982292968750000000e+04,4.520407031250000000e+04,2.755900573730468750e+01
1.303970546875000000e+05,9.031361718750000000e+04,1.629041442871093750e+02
3.560337187500000000e+05,5.783183593750000000e+04,3.610032043457031250e+02
1.465444687500000000e+05,9.669683593750000000e+04,2.661532287597656250e+02
2.028156250000000000e+05,5.162702734375000000e+04,3.316456604003906250e+02
5.996668750000000000e+04,3.238939648437500000e+04,2.163526725769042969e+01
8.172969531250000000e+04,4.588792968750000000e+04,2.805365943908691406e+01
2.563431250000000000e+05,4.577677734375000000e+04,2.104854125976562500e+02
1.536256718750000000e+05,8.446398437500000000e+04,2.167402191162109375e+02
1.395004062500000000e+05,4.477415625000000000e+04,1.445701446533203125e+02
3.348083593750000000e+04,1.337666503906250000e+04,5.226342010498046875e+01
8.481171875000000000e+04,4.577023046875000000e+04,1.314248657226562500e+02
4.081400390625000000e+04,1.382334375000000000e+04,2.069407348632812500e+02
6.342121875000000000e+04,4.549475000000000000e+04,7.748101196289062500e+02
3.241328320312500000e+04,1.249206542968750000e+04,6.423664855957031250e+01
1.407602187500000000e+05,6.456721875000000000e+04,5.312957382202148438e+01
6.031052343750000000e+04,1.201504492187500000e+04,1.805751647949218750e+02
1.886052968750000000e+05,8.118791406250000000e+04,7.539404907226562500e+02
1.660645312500000000e+05,7.474959375000000000e+04,1.703607788085937500e+02
1.491248906250000000e+05,5.129985937500000000e+04,1.758495941162109375e+02
1.716474218750000000e+05,8.048375781250000000e+04,1.691284484863281250e+02
1.555021093750000000e+05,6.098614062500000000e+04,8.500646209716796875e+01
4.844865625000000000e+04,2.089199609375000000e+04,1.660732879638671875e+02
2.210822187500000000e+05,9.204942968750000000e+04,1.973714141845703125e+02
5.196044531250000000e+04,2.653950000000000000e+04,3.701771545410156250e+01
1.125760781250000000e+05,7.689138281250000000e+04,1.234240112304687500e+02
2.589590000000000000e+05,1.383303437500000000e+05,1.995442504882812500e+02
2.432629062500000000e+05,1.013285703125000000e+05,2.255028686523437500e+02
2.085950000000000000e+05,7.989093750000000000e+04,2.013961486816406250e+02
6.067113671875000000e+04,3.502648046875000000e+04,2.416637229919433594e+01
1.762215625000000000e+05,8.056470312500000000e+04,1.720221252441406250e+02
2.411677968750000000e+05,1.142791406250000000e+05,2.152471466064453125e+02
2.350539687500000000e+05,5.335403515625000000e+04,2.187242889404296875e+02
1.537898593750000000e+05,5.847645312500000000e+04,1.302847290039062500e+02
2.050729375000000000e+05,1.013068281250000000e+05,1.818751525878906250e+02
5.936223046875000000e+04,3.286187109375000000e+04,2.392270660400390625e+01
1.260339062500000000e+05,6.367515234375000000e+04,4.189429092407226562e+01
1.694841562500000000e+05,7.734818750000000000e+04,1.578928680419921875e+02
2.726535000000000000e+05,3.973980078125000000e+04,2.226089477539062500e+02
3.065297851562500000e+04,1.201198632812500000e+04,4.233206939697265625e+01
3.342235937500000000e+04,1.331674804687500000e+04,5.142004776000976562e+01
5.830716406250000000e+04,3.191704687500000000e+04,3.410243988037109375e+01
1.075498593750000000e+05,5.622039843750000000e+04,3.668884658813476562e+01
1.561469218750000000e+05,6.339721093750000000e+04,7.746489715576171875e+01
1.712362187500000000e+05,1.048397500000000000e+05,2.612337341308593750e+02
5.077428515625000000e+04,2.205941601562500000e+04,1.704297637939453125e+02
2.398093750000000000e+05,1.379464531250000000e+05,1.978639984130859375e+02
1.381799062500000000e+05,6.629917187500000000e+04,7.736763305664062500e+02
8.230428125000000000e+04,4.609100390625000000e+04,2.916399192810058594e+01
1.716474218750000000e+05,8.048375781250000000e+04,1.691284484863281250e+02
4.875117578125000000e+04,2.235560937500000000e+04,1.033320159912109375e+02
1.847221718750000000e+05,8.488875781250000000e+04,1.736388702392578125e+02
2.534392812500000000e+05,1.087712578125000000e+05,2.727243652343750000e+02
1.579435468750000000e+05,5.609753515625000000e+04,8.278520965576171875e+01
4.313056640625000000e+04,1.447412402343750000e+04,1.204964218139648438e+02
3.547511718750000000e+04,1.410449023437500000e+04,6.207420730590820312e+01
1.479322187500000000e+05,6.513392187500000000e+04,1.519090576171875000e+02
1.527736093750000000e+05,5.801147656250000000e+04,1.772946166992187500e+02
2.353220000000000000e+05,1.447152500000000000e+05,1.911964874267578125e+02
1.441852968750000000e+05,5.641541796875000000e+04,8.222417449951171875e+01
6.256765234375000000e+04,3.525386718750000000e+04,2.674545860290527344e+01
2.301390156250000000e+05,1.128345859375000000e+05,2.032567749023437500e+02
5.042332421875000000e+04,1.219505566406250000e+04,2.001873168945312500e+02
7.492109375000000000e+04,3.121443945312500000e+04,1.445536193847656250e+02
3.885921093750000000e+04,1.539639257812500000e+04,6.156691741943359375e+01
3.653435937500000000e+04,1.345286816406250000e+04,2.393802642822265625e+02
1.430285781250000000e+05,4.811124218750000000e+04,1.637288818359375000e+02
6.094590625000000000e+04,3.359627343750000000e+04,2.539792442321777344e+01
7.433471093750000000e+04,4.234403515625000000e+04,2.580033683776855469e+01
1.850541875000000000e+05,3.825053515625000000e+04,1.846786804199218750e+02
2.617775156250000000e+05,1.149367968750000000e+05,2.078620147705078125e+02
1.886855468750000000e+05,8.123632031250000000e+04,1.707281341552734375e+02
1.447689531250000000e+05,5.136560937500000000e+04,1.749479827880859375e+02
5.245200390625000000e+04,2.268468750000000000e+04,1.656853637695312500e+02
1.275535000000000000e+05,9.316771875000000000e+04,1.790321197509765625e+02
9.926467968750000000e+04,5.367874218750000000e+04,3.232737350463867188e+01
1.496100781250000000e+05,8.723233593750000000e+04,2.457381134033203125e+02
1.734909843750000000e+05,5.881202343750000000e+04,1.549009704589843750e+02
1.593709843750000000e+05,5.327471875000000000e+04,1.063206710815429688e+02
3.578682421875000000e+04,1.416699218750000000e+04,5.817511367797851562e+01
3.497665937500000000e+05,4.904407812500000000e+04,2.962495422363281250e+02
1.716474218750000000e+05,8.048375781250000000e+04,1.691284484863281250e+02
2.653674375000000000e+05,7.048207812500000000e+04,2.924192504882812500e+02
9.213980468750000000e+04,5.043741406250000000e+04,3.137205123901367188e+01
3.210972851562500000e+04,1.241764550781250000e+04,4.734789657592773438e+01
6.140002343750000000e+04,2.698440820312500000e+04,1.520542907714843750e+02
6.330090625000000000e+04,3.568594140625000000e+04,2.498410797119140625e+01
4.353228515625000000e+04,2.060668164062500000e+04,5.648758316040039062e+01
4.034965625000000000e+04,1.876481640625000000e+04,5.840485000610351562e+01
1.682619531250000000e+05,7.391247656250000000e+04,1.388613281250000000e+02
2.953779882812500000e+04,1.192725585937500000e+04,4.771507263183593750e+01
1.356605937500000000e+05,5.339226562500000000e+04,9.406271362304687500e+01
3.709671875000000000e+04,1.503302929687500000e+04,5.677252578735351562e+01
1.474495312500000000e+05,9.705687500000000000e+04,2.490983886718750000e+02
1.618347343750000000e+05,6.379976171875000000e+04,1.762582244873046875e+02
1.456005312500000000e+05,5.119101953125000000e+04,1.695596923828125000e+02
5.370326953125000000e+04,2.814042578125000000e+04,3.173713684082031250e+01
2.073367812500000000e+05,8.946630468750000000e+04,4.363293457031250000e+02
2.360844687500000000e+05,1.446223906250000000e+05,1.982601928710937500e+02
3.118042500000000000e+05,1.188665703125000000e+05,2.566118774414062500e+02
1.485770781250000000e+05,5.215078515625000000e+04,1.766001129150390625e+02
1.809704062500000000e+05,8.927785156250000000e+04,2.709817199707031250e+02
1.589922187500000000e+05,5.114305468750000000e+04,1.675513000488281250e+02
5.573800000000000000e+04,2.466133203125000000e+04,1.625142211914062500e+02
5.905262890625000000e+04,1.681570898437500000e+04,1.676521148681640625e+02
1.620288437500000000e+05,5.814329687500000000e+04,8.029632568359375000e+01
1.532347031250000000e+05,5.550544531250000000e+04,1.799879608154296875e+02
1.675695156250000000e+05,7.300581250000000000e+04,1.706647796630859375e+02
1.812573125000000000e+05,7.992347656250000000e+04,7.672476196289062500e+02
3.651420312500000000e+05,4.778816796875000000e+04,3.033645019531250000e+02
3.828571875000000000e+04,1.618322851562500000e+04,5.629249191284179688e+01
1.678121250000000000e+05,5.074930468750000000e+04,1.555482482910156250e+02
1.407207656250000000e+05,4.588119140625000000e+04,1.340716094970703125e+02
5.021074218750000000e+04,1.414253027343750000e+04,1.871405487060546875e+02
1.409751718750000000e+05,4.790205859375000000e+04,1.651925811767578125e+02
4.449041796875000000e+04,1.750575195312500000e+04,1.836587829589843750e+02
4.439970703125000000e+04,1.352514355468750000e+04,2.069635314941406250e+02
2.387111562500000000e+05,1.125402265625000000e+05,2.007304534912109375e+02
1.709637187500000000e+05,7.941858593750000000e+04,1.693121337890625000e+02
1.670213125000000000e+05,7.692585937500000000e+04,6.622379150390625000e+02
1.793077968750000000e+05,8.081749218750000000e+04,1.598887023925781250e+02
1.825620781250000000e+05,1.031175312500000000e+05,1.611946411132812500e+02
2.232383906250000000e+05,7.138986718750000000e+04,6.376074829101562500e+02
3.424879296875000000e+04,1.256252246093750000e+04,3.778929138183593750e+01
2.671616875000000000e+05,5.189477734375000000e+04,2.294959411621093750e+02
5.303574609375000000e+04,2.712275390625000000e+04,2.449255371093750000e+01
9.285485937500000000e+04,3.543156640625000000e+04,1.180985260009765625e+02
5.365673046875000000e+04,2.749165039062500000e+04,3.493737411499023438e+01
3.731415312500000000e+05,4.902560937500000000e+04,3.202594909667968750e+02
1.550339062500000000e+05,5.558792578125000000e+04,9.056047821044921875e+01
1.226508203125000000e+05,6.319251562500000000e+04,3.973769378662109375e+01
2.023380468750000000e+05,6.199838281250000000e+04,2.010712738037109375e+02
3.031584960937500000e+04,1.206502050781250000e+04,4.560019302368164062e+01
1.337629687500000000e+05,8.403477343750000000e+04,1.429000701904296875e+02
1.234227890625000000e+05,8.444167968750000000e+04,1.484443664550781250e+02
1.716474218750000000e+05,8.048375781250000000e+04,1.691284484863281250e+02
2.428498437500000000e+05,1.075038125000000000e+05,2.146824035644531250e+02
5.679736328125000000e+04,2.701177929687500000e+04,1.579964752197265625e+02
1.820663750000000000e+05,7.747576562500000000e+04,7.209376220703125000e+02
1.841025781250000000e+05,8.589530468750000000e+04,1.765692901611328125e+02
8.351592968750000000e+04,4.387551953125000000e+04,1.221081390380859375e+02
5.585213671875000000e+04,2.881374218750000000e+04,3.334081268310546875e+01
2.476637500000000000e+05,1.369344375000000000e+05,2.275684356689453125e+02
4.203430078125000000e+04,1.783342968750000000e+04,1.836778869628906250e+02
1.637252187500000000e+05,7.123025781250000000e+04,1.715612182617187500e+02
3.391912109375000000e+04,1.363621093750000000e+04,4.822703170776367188e+01
2.188564687500000000e+05,1.340705000000000000e+05,1.800252532958984375e+02
1.676695937500000000e+05,6.773674218750000000e+04,1.763518981933593750e+02
3.705100390625000000e+04,1.600671679687500000e+04,5.207653808593750000e+01
5.323946875000000000e+04,2.724169335937500000e+04,3.203052902221679688e+01
1.716474218750000000e+05,8.048375781250000000e+04,1.691284484863281250e+02
1.409872656250000000e+05,4.682073046875000000e+04,1.586789855957031250e+02
1.389912656250000000e+05,4.643970703125000000e+04,1.568411712646484375e+02
1.470695000000000000e+05,4.874364453125000000e+04,1.140504684448242188e+02
3.936132812500000000e+04,1.682639453125000000e+04,5.778483963012695312e+01
2.042151875000000000e+05,2.994913476562500000e+04,7.107747192382812500e+02
4.108433203125000000e+04,1.749932421875000000e+04,6.514505767822265625e+01
5.820510156250000000e+04,3.172591406250000000e+04,2.801141548156738281e+01
1.540695156250000000e+05,5.375214843750000000e+04,9.402976226806640625e+01
2.565867343750000000e+05,1.144682812500000000e+05,2.519726409912109375e+02
1.377056562500000000e+05,6.454087109375000000e+04,5.091585922241210938e+01
4.461103906250000000e+04,2.075648828125000000e+04,5.880402755737304688e+01
8.354684375000000000e+04,1.533681738281250000e+04,1.518834686279296875e+02
1.471490468750000000e+05,8.760550000000000000e+04,1.704806976318359375e+02
1.042787500000000000e+05,5.570329687500000000e+04,3.370142745971679688e+01
2.772275625000000000e+05,1.319054687500000000e+05,2.296446838378906250e+02
1.283901093750000000e+05,5.088631640625000000e+04,6.591802215576171875e+01
1.471933906250000000e+05,8.892978906250000000e+04,2.097836914062500000e+02
7.932442187500000000e+04,4.555944531250000000e+04,1.368743743896484375e+02
5.646429296875000000e+04,2.387491601562500000e+04,1.542339477539062500e+02
4.269524218750000000e+04,1.723798437500000000e+04,1.958722686767578125e+02
1.521253125000000000e+05,5.005411328125000000e+04,1.070691375732421875e+02
1.427447187500000000e+05,5.119526953125000000e+04,1.146918640136718750e+02
1.440365781250000000e+05,5.082331250000000000e+04,1.596898956298828125e+02
1.407430312500000000e+05,9.369690625000000000e+04,2.333279876708984375e+02
3.592654375000000000e+05,5.877703515625000000e+04,3.409587402343750000e+02
1.597264218750000000e+05,6.279666796875000000e+04,7.822988128662109375e+01
3.640464062500000000e+05,5.396438671875000000e+04,3.310094299316406250e+02
1.716474218750000000e+05,8.048375781250000000e+04,1.691284484863281250e+02
1.716474218750000000e+05,8.048375781250000000e+04,1.691284484863281250e+02
1.346820312500000000e+05,7.885180468750000000e+04,1.982100219726562500e+02
1.686710000000000000e+05,7.750392187500000000e+04,1.693818359375000000e+02
3.549545937500000000e+05,6.246587890625000000e+04,3.014515991210937500e+02
1.989931562500000000e+05,8.719881250000000000e+04,2.748385620117187500e+02
1.778109687500000000e+05,7.787170312500000000e+04,1.648475799560546875e+02
2.269577031250000000e+05,4.380774218750000000e+04,1.437911224365234375e+02
5.051332812500000000e+04,2.094316796875000000e+04,1.647255249023437500e+02
6.168667968750000000e+04,1.309862695312500000e+04,1.628172607421875000e+02
6.997006250000000000e+04,1.329740625000000000e+04,1.852784271240234375e+02
4.795206250000000000e+04,2.028991796875000000e+04,1.792746276855468750e+02
8.207720312500000000e+04,4.614232812500000000e+04,2.873242378234863281e+01
1.604346406250000000e+05,6.459413281250000000e+04,1.732535552978515625e+02
3.466771562500000000e+05,6.650460156250000000e+04,3.140396118164062500e+02
1.421601406250000000e+05,6.451459375000000000e+04,5.322280502319335938e+01
2.461722187500000000e+05,1.261256484375000000e+05,3.167514953613281250e+02
2.191637031250000000e+05,1.548976406250000000e+05,1.769982452392578125e+02
4.383202343750000000e+04,1.371584082031250000e+04,1.978766937255859375e+02
2.548037031250000000e+05,1.343451718750000000e+05,2.105123443603515625e+02
3.959609375000000000e+05,5.563146875000000000e+04,4.656659545898437500e+02
5.579862890625000000e+04,2.916702929687500000e+04,2.521361541748046875e+01
1.708053125000000000e+05,7.923323437500000000e+04,1.700041503906250000e+02
1.556708281250000000e+05,5.252063281250000000e+04,9.323706054687500000e+01
2.234586406250000000e+05,1.578745781250000000e+05,1.802738494873046875e+02
3.418600781250000000e+04,1.342984375000000000e+04,5.451136398315429688e+01
8.991057031250000000e+04,4.724361328125000000e+04,3.391009521484375000e+01
1.508289375000000000e+05,5.454893359375000000e+04,9.218332672119140625e+01
3.523030468750000000e+04,1.248939746093750000e+04,4.008253479003906250e+01
3.476519921875000000e+04,1.411362695312500000e+04,5.204911041259765625e+01
3.038572460937500000e+04,1.219183398437500000e+04,4.761313247680664062e+01
4.079742578125000000e+04,1.641308984375000000e+04,7.106914520263671875e+01
6.265967187500000000e+04,2.745800585937500000e+04,1.594359283447265625e+02
4.602700390625000000e+04,1.478197656250000000e+04,2.032532653808593750e+02
2.149722343750000000e+05,1.648239062500000000e+05,1.614581146240234375e+02
3.716364843750000000e+04,1.490684667968750000e+04,5.355561447143554688e+01
1.344361718750000000e+05,8.833480468750000000e+04,1.830230865478515625e+02
6.703420312500000000e+04,3.068720312500000000e+04,1.474657440185546875e+02
1.716474218750000000e+05,8.048375781250000000e+04,1.691284484863281250e+02
1.588217343750000000e+05,5.567026562500000000e+04,1.777274627685546875e+02
3.937664843750000000e+04,1.415668652343750000e+04,2.040954284667968750e+02
1.114569609375000000e+05,7.345717968750000000e+04,1.585083618164062500e+02
3.020096875000000000e+04,1.206170703125000000e+04,4.525462722778320312e+01
2.966464062500000000e+04,1.197853417968750000e+04,4.599028015136718750e+01
1.680903437500000000e+05,7.746844531250000000e+04,1.692841186523437500e+02
1.415539218750000000e+05,4.836301953125000000e+04,1.695601654052734375e+02
6.825779687500000000e+04,2.935220703125000000e+04,1.542139587402343750e+02
1.599917031250000000e+05,6.258812500000000000e+04,8.489244842529296875e+01
3.407887890625000000e+04,1.256452343750000000e+04,4.169104766845703125e+01
6.125374609375000000e+04,3.495156640625000000e+04,2.549271392822265625e+01
1.882791250000000000e+05,6.967102343750000000e+04,1.911891479492187500e+02
1.275885390625000000e+05,8.770974218750000000e+04,1.594065551757812500e+02
1.097850703125000000e+05,4.726668750000000000e+04,1.248975830078125000e+02
1.961215156250000000e+05,7.120410937500000000e+04,2.137498626708984375e+02
1.436379531250000000e+05,4.925392968750000000e+04,1.684121856689453125e+02
1.877747031250000000e+05,8.112390625000000000e+04,9.084124755859375000e+01
1.000575390625000000e+05,4.292055859375000000e+04,8.456986999511718750e+01
2.456487656250000000e+05,1.425076406250000000e+05,2.897957763671875000e+02
9.782800000000000000e+04,5.472348828125000000e+04,1.268992691040039062e+02
5.155912890625000000e+04,1.404835937500000000e+04,1.823094024658203125e+02
1.922626875000000000e+05,8.627369531250000000e+04,7.013439941406250000e+02
5.661997265625000000e+04,2.974949414062500000e+04,3.045704460144042969e+01
1.684737500000000000e+05,7.713382812500000000e+04,1.695570831298828125e+02
4.011559765625000000e+04,1.463166992187500000e+04,1.706224517822265625e+02
2.464590312500000000e+05,1.112127500000000000e+05,2.079727935791015625e+02
1.936095625000000000e+05,1.002698906250000000e+05,2.125866851806640625e+02
1.258217031250000000e+05,6.634446093750000000e+04,7.485860595703125000e+02
1.892528593750000000e+05,1.041834218750000000e+05,1.664901428222656250e+02
1.683417187500000000e+05,1.044128906250000000e+05,1.316817932128906250e+02
5.447542578125000000e+04,1.835689257812500000e+04,1.662935485839843750e+02
2.121903125000000000e+05,8.979565625000000000e+04,6.617940063476562500e+02
1.144713359375000000e+05,5.875069531250000000e+04,3.873978424072265625e+01
6.475499218750000000e+04,3.676339843750000000e+04,2.588555717468261719e+01
6.954754687500000000e+04,3.905537890625000000e+04,2.527008247375488281e+01
1.598879687500000000e+05,6.528516796875000000e+04,1.742675476074218750e+02
1.707961875000000000e+05,7.873157812500000000e+04,1.608743743896484375e+02
1.545156562500000000e+05,6.359298046875000000e+04,7.284300994873046875e+01
1.482693593750000000e+05,5.152914062500000000e+04,1.762303314208984375e+02
7.297872656250000000e+04,4.076977343750000000e+04,2.745081329345703125e+01
4.123180078125000000e+04,1.824139257812500000e+04,6.019101333618164062e+01
5.272373046875000000e+04,2.238626953125000000e+04,1.664136505126953125e+02
1.372133906250000000e+05,6.455410546875000000e+04,5.012170410156250000e+01
3.670779687500000000e+04,1.574587500000000000e+04,5.778607559204101562e+01
3.907915234375000000e+04,1.395074316406250000e+04,1.964400939941406250e+02
5.280585546875000000e+04,1.591029687500000000e+04,1.725618743896484375e+02
4.144283203125000000e+04,1.453227441406250000e+04,1.742790832519531250e+02
2.312291093750000000e+05,1.483706406250000000e+05,2.194797515869140625e+02
4.684091796875000000e+04,1.618079003906250000e+04,1.965170288085937500e+02
1.706613750000000000e+05,7.945199218750000000e+04,1.692240447998046875e+02
1.613202187500000000e+05,4.454624609375000000e+04,1.214475173950195312e+02
1.357646562500000000e+05,5.212010546875000000e+04,1.334682464599609375e+02
3.465429687500000000e+05,7.134535937500000000e+04,3.739671325683593750e+02
2.581573750000000000e+05,1.117483750000000000e+05,2.637705688476562500e+02
1.386899062500000000e+05,4.638176562500000000e+04,1.564670104980468750e+02
1.712267500000000000e+05,7.938723437500000000e+04,1.676767272949218750e+02
3.423916015625000000e+04,1.205157617187500000e+04,4.109790039062500000e+01
1.509151250000000000e+05,5.378132812500000000e+04,9.437036132812500000e+01
1.399963281250000000e+05,4.584104296875000000e+04,1.431557464599609375e+02
1.486842500000000000e+05,4.968130468750000000e+04,1.061007995605468750e+02
1.393873750000000000e+05,4.569812890625000000e+04,1.561568450927734375e+02
2.354762343750000000e+05,1.087443906250000000e+05,2.115962982177734375e+02
4.214581250000000000e+04,1.936242773437500000e+04,5.569215393066406250e+01
2.547023906250000000e+05,1.166233906250000000e+05,2.157728424072265625e+02
1.033628906250000000e+05,6.752872656250000000e+04,1.301700286865234375e+02
8.425224218750000000e+04,4.167199218750000000e+04,1.293678894042968750e+02
6.380146875000000000e+04,3.623725000000000000e+04,2.656393623352050781e+01
1.594462343750000000e+05,6.137865234375000000e+04,1.764923400878906250e+02
1.151673203125000000e+05,5.849564062500000000e+04,4.021990203857421875e+01
3.439445312500000000e+05,1.094046171875000000e+05,2.663624877929687500e+02
3.451741796875000000e+04,1.423002832031250000e+04,5.012490844726562500e+01
1.813010468750000000e+05,8.517485156250000000e+04,1.723582458496093750e+02
1.533917343750000000e+05,5.146396875000000000e+04,9.921610260009765625e+01
6.060498046875000000e+04,2.800759765625000000e+04,1.377047119140625000e+02
8.032579687500000000e+04,4.508907031250000000e+04,2.833041191101074219e+01
6.114728515625000000e+04,2.794263085937500000e+04,1.443757019042968750e+02
1.098590078125000000e+05,6.247624609375000000e+04,7.698132934570312500e+02
1.179479453125000000e+05,8.591914843750000000e+04,1.537061920166015625e+02
1.406126250000000000e+05,4.829125781250000000e+04,1.708531494140625000e+02
2.862645937500000000e+05,5.216028515625000000e+04,2.540604553222656250e+02
1.299679843750000000e+05,8.586623437500000000e+04,1.656352081298828125e+02
3.093246562500000000e+05,1.215664218750000000e+05,2.607887268066406250e+02
1.955397656250000000e+05,8.576875781250000000e+04,1.815468597412109375e+02
1.440547187500000000e+05,6.818192968750000000e+04,7.747176513671875000e+02
1.924318281250000000e+05,8.967960937500000000e+04,5.119273681640625000e+02
2.509437656250000000e+05,1.198828593750000000e+05,2.143737792968750000e+02
1.518943906250000000e+05,4.534409765625000000e+04,1.578252105712890625e+02
5.762702734375000000e+04,1.244590039062500000e+04,1.188179016113281250e+02
3.514915625000000000e+04,1.416842480468750000e+04,5.269738769531250000e+01
1.298086875000000000e+05,4.915557421875000000e+04,1.579271087646484375e+02
5.536867187500000000e+04,2.462934179687500000e+04,1.629193115234375000e+02
1.969886562500000000e+05,9.352925000000000000e+04,1.752238159179687500e+02
5.877232812500000000e+04,3.026125585937500000e+04,3.474784088134765625e+01
1.720719218750000000e+05,8.011876562500000000e+04,1.693377990722656250e+02
3.397715000000000000e+05,4.510958593750000000e+04,2.817525939941406250e+02
1.377211406250000000e+05,5.033348046875000000e+04,1.500990753173828125e+02
1.760420000000000000e+05,8.166642968750000000e+04,1.620322265625000000e+02
1.797464375000000000e+05,8.416928125000000000e+04,1.754160919189453125e+02
1.438404218750000000e+05,4.670486718750000000e+04,1.317190704345703125e+02
1.716474218750000000e+05,8.048375781250000000e+04,1.691284484863281250e+02
4.772221875000000000e+04,2.086800000000000000e+04,1.757214660644531250e+02
2.352212656250000000e+05,1.357966406250000000e+05,1.893754425048828125e+02
5.152088671875000000e+04,2.620346484375000000e+04,3.329885101318359375e+01
6.137760156250000000e+04,3.453549609375000000e+04,2.290318489074707031e+01
5.714383984375000000e+04,3.127892578125000000e+04,2.405735969543457031e+01
4.558865234375000000e+04,2.245178125000000000e+04,5.663720321655273438e+01
1.562120156250000000e+05,6.313938281250000000e+04,1.720595855712890625e+02
1.748795468750000000e+05,7.794793750000000000e+04,7.136116333007812500e+02
9.994748437500000000e+04,4.785844921875000000e+04,1.435340423583984375e+02
1.716474218750000000e+05,8.048375781250000000e+04,1.691284484863281250e+02
1.151005625000000000e+05,6.482549609375000000e+04,7.739386596679687500e+02
3.161482226562500000e+04,1.217727246093750000e+04,4.865824890136718750e+01
1.100656015625000000e+05,5.629272265625000000e+04,3.757233047485351562e+01
2.627374375000000000e+05,1.011380859375000000e+05,2.667576293945312500e+02
5.483476562500000000e+04,2.859782226562500000e+04,2.606925201416015625e+01
1.167145156250000000e+05,6.232027343750000000e+04,3.579164886474609375e+01
5.100578906250000000e+04,1.789005468750000000e+04,1.582808837890625000e+02
1.719444531250000000e+05,7.743579687500000000e+04,1.713158569335937500e+02
7.881857812500000000e+04,3.295866796875000000e+04,1.024811553955078125e+02
2.242669218750000000e+05,1.013829921875000000e+05,1.767030334472656250e+02
1.618399843750000000e+05,6.903428906250000000e+04,1.715039520263671875e+02
6.632079687500000000e+04,3.746717187500000000e+04,2.505267906188964844e+01
4.071851953125000000e+04,1.727873828125000000e+04,6.660511016845703125e+01
4.788853906250000000e+04,1.314083300781250000e+04,2.006978607177734375e+02
8.237260156250000000e+04,4.596633593750000000e+04,2.844183731079101562e+01
1.313313281250000000e+05,9.615133593750000000e+04,1.601814117431640625e+02
4.868139453125000000e+04,2.390517382812500000e+04,5.008472442626953125e+01
5.591316015625000000e+04,2.965994335937500000e+04,2.961822319030761719e+01
1.460794062500000000e+05,4.846973046875000000e+04,1.719465789794921875e+02
6.997573437500000000e+04,1.666553320312500000e+04,1.528919219970703125e+02
1.431281875000000000e+05,5.432921875000000000e+04,8.562891387939453125e+01
1.196791796875000000e+05,5.831667187500000000e+04,7.747875366210937500e+02
8.879173437500000000e+04,4.904763281250000000e+04,3.044246864318847656e+01
5.310073046875000000e+04,2.376351367187500000e+04,1.691294250488281250e+02
6.197154296875000000e+04,3.424408984375000000e+04,2.326384735107421875e+01
3.700410937500000000e+04,1.248283593750000000e+04,7.126371002197265625e+01
4.999833984375000000e+04,2.513207226562500000e+04,3.926356506347656250e+01
1.413978281250000000e+05,4.609377343750000000e+04,1.279534912109375000e+02
1.327850468750000000e+05,9.440801562500000000e+04,1.828097991943359375e+02
4.517338671875000000e+04,2.112757421875000000e+04,6.227962875366210938e+01
1.725744687500000000e+05,6.557651562500000000e+04,1.755189971923828125e+02
3.383206562500000000e+05,3.940023828125000000e+04,2.332715606689453125e+02
1.564868125000000000e+05,9.438110156250000000e+04,2.036983642578125000e+02
4.323521484375000000e+04,2.034782226562500000e+04,7.216495513916015625e+01
3.966007500000000000e+05,5.562011328125000000e+04,4.583218688964843750e+02
3.030777500000000000e+05,6.473776562500000000e+04,2.623150939941406250e+02
1.563550937500000000e+05,6.233780859375000000e+04,9.971595001220703125e+01
8.053028906250000000e+04,4.510007812500000000e+04,2.783150672912597656e+01
2.302929218750000000e+05,1.551287031250000000e+05,1.783383636474609375e+02
6.176462109375000000e+04,2.017810742187500000e+04,1.539927520751953125e+02
3.253974609375000000e+04,1.189168066406250000e+04,3.410999298095703125e+01
1.694439218750000000e+05,7.749719531250000000e+04,1.699427642822265625e+02
5.942884375000000000e+04,2.571084179687500000e+04,1.632050018310546875e+02
5.645449218750000000e+04,2.406086914062500000e+04,1.569440917968750000e+02
1.409875312500000000e+05,4.692493359375000000e+04,1.507010955810546875e+02
2.242292812500000000e+05,9.431874218750000000e+04,2.061251068115234375e+02
4.462963671875000000e+04,2.118281640625000000e+04,5.420465850830078125e+01
4.820866015625000000e+04,2.341414062500000000e+04,4.919454956054687500e+01
5.730740234375000000e+04,1.847567773437500000e+04,1.828305664062500000e+02
1.705120312500000000e+05,7.871633593750000000e+04,1.695226898193359375e+02
2.018117343750000000e+05,6.682070312500000000e+04,2.069987487792968750e+02
4.318267187500000000e+04,1.783647265625000000e+04,1.873267059326171875e+02
4.214131250000000000e+04,1.645318164062500000e+04,2.009189910888671875e+02
4.551844921875000000e+04,1.886327148437500000e+04,1.834652557373046875e+02
1.369025625000000000e+05,4.762533203125000000e+04,9.658876800537109375e+01
1.782401718750000000e+05,8.438419531250000000e+04,1.869239349365234375e+02
6.339624218750000000e+04,2.714490625000000000e+04,1.590699768066406250e+02
2.475924218750000000e+05,9.451567187500000000e+04,2.377068939208984375e+02
1.716474218750000000e+05,8.048375781250000000e+04,1.691284484863281250e+02
1.517205156250000000e+05,5.491546484375000000e+04,1.729633178710937500e+02
2.900478437500000000e+05,6.215870312500000000e+04,7.129539184570312500e+02
1.502027968750000000e+05,7.508203125000000000e+04,7.736091308593750000e+02
3.741207812500000000e+04,1.672491015625000000e+04,5.123693466186523438e+01
1.392825312500000000e+05,1.013972968750000000e+05,2.370266265869140625e+02
2.252948125000000000e+05,1.578404062500000000e+05,1.711521759033203125e+02
1.510411093750000000e+05,5.540955468750000000e+04,1.781065979003906250e+02
3.873451953125000000e+04,1.701957031250000000e+04,5.490487670898437500e+01
1.504875468750000000e+05,5.442406640625000000e+04,9.560459136962890625e+01
2.320723593750000000e+05,1.516687187500000000e+05,2.428818969726562500e+02
2.206312656250000000e+05,1.519759687500000000e+05,1.786827239990234375e+02
1.655196875000000000e+05,7.575026562500000000e+04,7.598575439453125000e+02
5.959025000000000000e+04,3.345881250000000000e+04,2.621191406250000000e+01
2.053343906250000000e+05,1.617799531250000000e+05,1.636439056396484375e+02
4.811665625000000000e+04,1.593897167968750000e+04,1.872354888916015625e+02
5.841998828125000000e+04,3.238760546875000000e+04,2.919634246826171875e+01
1.687284375000000000e+05,7.363505468750000000e+04,1.417145385742187500e+02
1.784241875000000000e+05,7.975010937500000000e+04,1.736763458251953125e+02
1.666777812500000000e+05,7.647016406250000000e+04,1.691361541748046875e+02
2.591173593750000000e+05,1.430357968750000000e+05,2.037065582275390625e+02
6.054449609375000000e+04,2.646218554687500000e+04,1.518720245361328125e+02
1.396577500000000000e+05,6.109995312500000000e+04,5.940032958984375000e+01
3.426264453125000000e+04,1.196678417968750000e+04,5.006088256835937500e+01
5.680727343750000000e+04,3.053792578125000000e+04,2.551499557495117188e+01
1.922537031250000000e+05,9.665239062500000000e+04,5.677798461914062500e+02
1.612919062500000000e+05,6.505632031250000000e+04,1.011651611328125000e+02
4.297831250000000000e+04,1.283937792968750000e+04,6.346911621093750000e+01
2.355141875000000000e+05,8.212104687500000000e+04,2.471548309326171875e+02
2.582706406250000000e+05,1.314061250000000000e+05,2.137123870849609375e+02
1.595709687500000000e+05,6.320680078125000000e+04,8.830566406250000000e+01
4.316731640625000000e+04,1.219053125000000000e+04,5.637527465820312500e+01
1.685309531250000000e+05,5.840283203125000000e+04,1.748101196289062500e+02
3.664460312500000000e+05,4.712310937500000000e+04,2.794806213378906250e+02
1.774927968750000000e+05,7.604675000000000000e+04,1.726653594970703125e+02
5.235944531250000000e+04,1.395699804687500000e+04,1.721723480224609375e+02
5.734906250000000000e+04,1.211224511718750000e+04,1.786006622314453125e+02
1.055699687500000000e+05,5.651951562500000000e+04,3.419995117187500000e+01
9.394448437500000000e+04,5.165707031250000000e+04,3.163186645507812500e+01
1.413623593750000000e+05,4.632080859375000000e+04,1.506297912597656250e+02
6.168191406250000000e+04,3.499345703125000000e+04,2.256406402587890625e+01
1.716474218750000000e+05,8.048375781250000000e+04,1.691284484863281250e+02
1.192174843750000000e+05,6.147595703125000000e+04,1.501775512695312500e+02
2.017316875000000000e+05,6.506203125000000000e+04,2.111693267822265625e+02
3.264757812500000000e+04,1.267532910156250000e+04,6.118169403076171875e+01
4.820291406250000000e+04,2.337493945312500000e+04,4.807666778564453125e+01
1.436663125000000000e+05,9.153608593750000000e+04,2.159369354248046875e+02
2.371484375000000000e+05,1.367840781250000000e+05,2.131416473388671875e+02
2.249054062500000000e+05,1.581711562500000000e+05,1.854026489257812500e+02
1.579923593750000000e+05,6.245021484375000000e+04,1.758657836914062500e+02
2.295550625000000000e+05,1.491487812500000000e+05,1.741326293945312500e+02
3.287425390625000000e+04,1.280795800781250000e+04,4.364231491088867188e+01
1.406892187500000000e+05,5.131111328125000000e+04,1.182605438232421875e+02
5.612065234375000000e+04,2.388603125000000000e+04,1.576263122558593750e+02
1.493893750000000000e+05,5.459739062500000000e+04,9.626157379150390625e+01
2.090024062500000000e+05,1.649808593750000000e+05,1.568833160400390625e+02
2.275300468750000000e+05,9.123453906250000000e+04,1.899411010742187500e+02
3.812180937500000000e+05,7.111724218750000000e+04,3.962772521972656250e+02
1.794441406250000000e+05,8.397860937500000000e+04,1.734936981201171875e+02
1.659325000000000000e+05,7.314212500000000000e+04,1.710985870361328125e+02
1.801787656250000000e+05,9.406605468750000000e+04,1.696362304687500000e+02
3.267170000000000000e+05,8.714261718750000000e+04,2.591561889648437500e+02
1.539301406250000000e+05,5.610481250000000000e+04,8.530570983886718750e+01
1.984713906250000000e+05,8.491653125000000000e+04,7.565072021484375000e+02
5.954679296875000000e+04,3.206780273437500000e+04,2.248703002929687500e+01
1.609472500000000000e+05,6.425920703125000000e+04,9.444456481933593750e+01
2.300350156250000000e+05,1.114087109375000000e+05,1.974742584228515625e+02
3.500911328125000000e+04,1.385203515625000000e+04,5.769571304321289062e+01
7.650882031250000000e+04,4.247580859375000000e+04,2.987632179260253906e+01
5.439630468750000000e+04,1.311707910156250000e+04,1.940654144287109375e+02
1.070714140625000000e+05,5.586449609375000000e+04,3.570375442504882812e+01
1.717525468750000000e+05,8.037261718750000000e+04,1.691923065185546875e+02
1.489033437500000000e+05,5.181782812500000000e+04,1.776139831542968750e+02
1.732730468750000000e+05,7.914744531250000000e+04,1.699789581298828125e+02
1.470666875000000000e+05,4.847578515625000000e+04,1.086485137939453125e+02
1.741509062500000000e+05,7.964780468750000000e+04,1.695915679931640625e+02
1.461291406250000000e+05,5.130666015625000000e+04,1.734030303955078125e+02
6.043021875000000000e+04,3.439176562500000000e+04,2.497666931152343750e+01
1.060392734375000000e+05,5.425258984375000000e+04,1.268402481079101562e+02
1.697041250000000000e+05,7.527963281250000000e+04,7.235365600585937500e+02
1.623993593750000000e+05,6.631510937500000000e+04,1.666477813720703125e+02
2.142142031250000000e+05,1.637959687500000000e+05,1.620498809814453125e+02
1.261101328125000000e+05,6.354793750000000000e+04,4.213394927978515625e+01
1.353260468750000000e+05,9.042151562500000000e+04,1.835872955322265625e+02
5.989061718750000000e+04,3.323292187500000000e+04,2.616850662231445312e+01
1.406359687500000000e+05,4.803339453125000000e+04,1.372810821533203125e+02
4.301242968750000000e+04,1.827794531250000000e+04,1.854421997070312500e+02
1.192967578125000000e+05,6.013683984375000000e+04,4.103489685058593750e+01
5.693185546875000000e+04,3.000153710937500000e+04,2.602598953247070312e+01
3.291023437500000000e+04,1.216944726562500000e+04,4.153371429443359375e+01
2.110355468750000000e+05,9.500639062500000000e+04,1.913308868408203125e+02
1.090918437500000000e+05,6.377731640625000000e+04,1.346605377197265625e+02
3.924050937500000000e+05,6.218485156250000000e+04,4.524291076660156250e+02
3.061108593750000000e+04,1.207925097656250000e+04,4.191115951538085938e+01
1.571130781250000000e+05,8.695532812500000000e+04,1.884689178466796875e+02
1.362011718750000000e+05,6.434659765625000000e+04,4.991946029663085938e+01
1.565411406250000000e+05,8.742230468750000000e+04,1.920845642089843750e+02
2.140085781250000000e+05,7.098158593750000000e+04,1.965830535888671875e+02
2.191373750000000000e+05,1.014503984375000000e+05,1.920323791503906250e+02
1.827986562500000000e+05,7.611292187500000000e+04,1.752203674316406250e+02
3.308549375000000000e+05,8.016378125000000000e+04,2.727599792480468750e+02
3.773348437500000000e+05,5.745093750000000000e+04,3.702539367675781250e+02
1.760913750000000000e+05,7.464415625000000000e+04,7.743988647460937500e+02
1.223560625000000000e+05,8.009294531250000000e+04,1.222662048339843750e+02
5.710466796875000000e+04,2.966993164062500000e+04,2.936605262756347656e+01
3.423632187500000000e+05,5.534528125000000000e+04,3.187994079589843750e+02
1.690031718750000000e+05,9.671103906250000000e+04,1.862152099609375000e+02
1.491937500000000000e+05,5.362128125000000000e+04,1.771132049560546875e+02
1.593957656250000000e+05,6.328303906250000000e+04,9.075085449218750000e+01
1.265690703125000000e+05,8.246503125000000000e+04,1.590573883056640625e+02
8.132259375000000000e+04,4.529953515625000000e+04,2.993386077880859375e+01
1.204744843750000000e+05,4.196712500000000000e+04,1.073372802734375000e+02
1.109610312500000000e+05,4.492578906250000000e+04,8.879326629638671875e+01
1.530995781250000000e+05,8.380060156250000000e+04,3.993245849609375000e+02
1.681774062500000000e+05,7.666914843750000000e+04,1.698531341552734375e+02
1.750302031250000000e+05,6.124989062500000000e+04,1.713968963623046875e+02
1.269153671875000000e+05,6.062868359375000000e+04,4.442308807373046875e+01
2.117627500000000000e+05,1.615472968750000000e+05,1.636267242431640625e+02
1.423883750000000000e+05,5.842316406250000000e+04,7.056386566162109375e+01
1.256182343750000000e+05,6.518357421875000000e+04,7.575764160156250000e+02
3.465333750000000000e+05,4.897200781250000000e+04,6.743889770507812500e+02
1.541033125000000000e+05,6.186094531250000000e+04,8.038607788085937500e+01
1.539550937500000000e+05,5.319226953125000000e+04,8.980788421630859375e+01
4.960531640625000000e+04,1.420326269531250000e+04,2.041707458496093750e+02
5.836068359375000000e+04,3.090454101562500000e+04,3.451619338989257812e+01
4.753929296875000000e+04,2.013030468750000000e+04,1.747579803466796875e+02
1.906717187500000000e+05,8.527929687500000000e+04,6.690228271484375000e+02
1.535520000000000000e+05,5.154973437500000000e+04,1.011174316406250000e+02
2.273521875000000000e+05,1.542477031250000000e+05,2.305269775390625000e+02
3.769192187500000000e+04,1.586626171875000000e+04,5.819249725341796875e+01
3.461803515625000000e+04,1.422561816406250000e+04,4.748188781738281250e+01
1.541252031250000000e+05,6.380962109375000000e+04,7.189552307128906250e+01
1.653295781250000000e+05,7.153660156250000000e+04,7.635974121093750000e+02
4.764336718750000000e+04,1.462726171875000000e+04,1.830948791503906250e+02
5.585245703125000000e+04,2.281795898437500000e+04,1.455991363525390625e+02
1.714085937500000000e+05,8.029569531250000000e+04,1.691257781982421875e+02
1.716498750000000000e+05,7.857180468750000000e+04,1.604113769531250000e+02
2.515982031250000000e+05,1.323601093750000000e+05,2.063290557861328125e+02
5.153189453125000000e+04,2.463653125000000000e+04,5.469438552856445312e+01
2.121427500000000000e+05,1.607903125000000000e+05,1.651725311279296875e+02
1.099823984375000000e+05,3.831928906250000000e+04,1.256230010986328125e+02
2.953022265625000000e+04,1.189296289062500000e+04,3.894356536865234375e+01
1.746881875000000000e+05,7.797187500000000000e+04,1.704887847900390625e+02
1.617455468750000000e+05,5.778442578125000000e+04,1.717592315673828125e+02
1.590183125000000000e+05,6.306975390625000000e+04,8.188212585449218750e+01
1.537756250000000000e+05,5.759422656250000000e+04,1.781929626464843750e+02
6.256168750000000000e+04,3.386498046875000000e+04,6.224566268920898438e+01
4.853328515625000000e+04,2.150408398437500000e+04,1.774261932373046875e+02
2.421174843750000000e+05,1.282053593750000000e+05,2.763253173828125000e+02
2.104394531250000000e+05,1.608941562500000000e+05,1.668511962890625000e+02
1.435760468750000000e+05,4.957145312500000000e+04,1.723753509521484375e+02
1.313905781250000000e+05,8.377798437500000000e+04,1.446692352294921875e+02
3.748592812500000000e+05,4.196284375000000000e+04,2.774173583984375000e+02
1.609147187500000000e+05,5.468728125000000000e+04,1.408699493408203125e+02
4.662120312500000000e+04,2.291839257812500000e+04,4.588133239746093750e+01
3.151076171875000000e+04,1.235197070312500000e+04,4.795392990112304688e+01
1.196481406250000000e+05,5.409072656250000000e+04,1.681983337402343750e+02
1.376344843750000000e+05,9.688153906250000000e+04,1.906265563964843750e+02
5.580544140625000000e+04,2.495587500000000000e+04,1.604118347167968750e+02
3.511931562500000000e+05,5.009360546875000000e+04,2.932899475097656250e+02
1.385397343750000000e+05,6.370011718750000000e+04,5.373907470703125000e+01
2.709939062500000000e+05,1.362353281250000000e+05,2.163659362792968750e+02
3.008041015625000000e+04,1.205202441406250000e+04,4.707320785522460938e+01
1.433343125000000000e+05,4.983876171875000000e+04,1.641902160644531250e+02
1.487740312500000000e+05,5.268266796875000000e+04,1.772510070800781250e+02
1.522740937500000000e+05,5.490289843750000000e+04,1.795480957031250000e+02
2.977452929687500000e+04,1.204601367187500000e+04,4.636264801025390625e+01
2.578360312500000000e+05,1.225743515625000000e+05,2.387378540039062500e+02
2.280144531250000000e+05,1.472106718750000000e+05,1.948425140380859375e+02
8.805177343750000000e+04,3.460453515625000000e+04,1.350579833984375000e+02
4.264351953125000000e+04,1.308234667968750000e+04,1.151651611328125000e+02
2.024749062500000000e+05,8.242100781250000000e+04,6.598922729492187500e+02
5.287353515625000000e+04,2.354502734375000000e+04,1.667148742675781250e+02
3.575823437500000000e+04,1.427974707031250000e+04,5.464503860473632812e+01

